{
	"Credential": "cf",
	"Template": {
		"Id": "@ext-mdkvsc-npm-dev/generator-mdk",
		"Name": "Base",
		"Version": "0.0.1"
	},
	"CF": {
		"Target": "https://api.cf.us10-001.hana.ondemand.com",
		"Organization": "2edfdc81-b331-4563-adde-5f8446e3479c",
		"Space": "5a92019c-c3c8-4e50-bebe-3118b7911fdf",
		"Deploy": {
			"Description": "",
			"WebClient": {
				"Runtime": "production",
				"URL": "https://mdk-webclient-runtime.cfapps.us10.hana.ondemand.com/runtime/"
			},
			"Destination": [
				{
					"CF": "SampleServiceV2",
					"MDK": "SampleServiceV2",
					"URL": ""
				}
			],
			"Name": "ns.DemoSampleApp",
			"Version": "1.0.0",
			"AppRouter": "standalone"
		}
	},
	"MobileService": {
		"Type": "standard",
		"AdminAPI": "https://mobile-service-cockpit-api.cfapps.us10.hana.ondemand.com/cockpit/v1/org/2edfdc81-b331-4563-adde-5f8446e3479c/space/5a92019c-c3c8-4e50-bebe-3118b7911fdf",
		"AppId": "com.sap.mdk.demo",
		"Destination": [
			"com.sap.edm.sampleservice.v2",
			"SampleServiceV2"
		]
	},
	"Onboarding": {
		"Schema": "sapmobilesvcs",
		"TimeZone": "UTC",
		"URL": "sapmobilesvcs://?AppId=com.sap.mdk.demo&ClientId=c7af5362-2daa-4088-b700-8201085bd826&ServerUrl=https://d42dc380trial-dev-com-sap-mdk-demo.cfapps.us10-001.hana.ondemand.com&SapCloudPlatformEndpoint=https://d42dc380trial-dev-com-sap-mdk-demo.cfapps.us10-001.hana.ondemand.com&AuthorizationEndpointUrl=https://d42dc380trial-dev-com-sap-mdk-demo.cfapps.us10-001.hana.ondemand.com/oauth2/api/v1/authorize&RedirectUrl=https://d42dc380trial-dev-com-sap-mdk-demo.cfapps.us10-001.hana.ondemand.com&TokenUrl=https://d42dc380trial-dev-com-sap-mdk-demo.cfapps.us10-001.hana.ondemand.com/oauth2/api/v1/token&multiUser=false"
	},
	"LCAP": {
		"FullName": "",
		"Service": [],
		"sourceTemplate": {
			"id": "html5moduletemplates.basicSAPUI5ApplicationProjectModule",
			"version": "1.40.12"
		}
	},
	"Build": {
		"SourceMap": true,
		"TSTarget": "es6",
		"WMF": true
	}
}